furnishingstatus,area,bedrooms,bathrooms,stories,mainroad,guestroom,basement,hotwaterheating,airconditioning,parking,prefarea,price
0,7420,4,2,3,1,0,0,0,1,2,1,13300000
0,8960,4,4,4,1,0,0,0,1,3,0,12250000
1,9960,3,2,2,1,0,1,0,0,2,1,12250000
0,7500,4,2,2,1,0,1,0,1,3,1,12215000
0,7420,4,1,2,1,1,1,0,1,2,0,11410000
1,7500,3,3,1,1,0,1,0,1,2,1,10850000
1,8580,4,3,4,1,0,0,0,1,2,1,10150000
2,16200,5,3,2,1,0,0,0,0,0,0,10150000
0,8100,4,1,2,1,1,1,0,1,2,1,9870000
2,5750,3,2,4,1,1,0,0,1,1,1,9800000
0,13200,3,1,2,1,0,1,0,1,2,1,9800000
1,6000,4,3,2,1,1,1,1,0,2,0,9681000
1,6550,4,2,2,1,0,0,0,1,1,1,9310000
0,3500,4,2,2,1,0,0,1,0,2,0,9240000
1,7800,3,2,2,1,0,0,0,0,0,1,9240000
1,6000,4,1,2,1,0,1,0,0,2,0,9100000
2,6600,4,2,2,1,1,1,0,1,1,1,9100000
0,8500,3,2,4,1,0,0,0,1,2,0,8960000
0,4600,3,2,2,1,1,0,0,1,2,0,8890000
1,6420,3,2,2,1,0,0,0,1,1,1,8855000
1,4320,3,1,2,1,0,1,1,0,2,0,8750000
2,7155,3,2,1,1,1,1,0,1,2,0,8680000
0,8050,3,1,1,1,1,1,0,1,1,0,8645000
0,4560,3,2,2,1,1,1,0,1,1,0,8645000
0,8800,3,2,2,1,0,0,0,1,2,0,8575000
0,6540,4,2,2,1,1,1,0,1,2,1,8540000
1,6000,3,2,4,1,1,1,0,1,0,1,8463000
1,8875,3,1,1,1,0,0,0,0,1,0,8400000
2,7950,5,2,2,1,0,1,1,0,2,0,8400000
1,5500,4,2,2,1,0,1,0,1,1,1,8400000
2,7475,3,2,4,1,0,0,0,1,2,0,8400000
1,7000,3,1,4,1,0,0,0,1,2,0,8400000
0,4880,4,2,2,1,0,0,0,1,1,1,8295000
2,5960,3,3,2,1,1,1,0,0,1,0,8190000
0,6840,5,1,2,1,1,1,0,1,1,0,8120000
0,7000,3,2,4,1,0,0,0,1,2,0,8080940
0,7482,3,2,3,1,0,0,1,0,1,1,8043000
0,9000,4,2,4,1,0,0,0,1,2,0,7980000
2,6000,3,1,4,1,1,0,0,1,2,0,7962500
1,6000,4,2,4,1,0,0,0,1,1,0,7910000
0,6550,3,1,2,1,0,1,0,1,0,1,7875000
0,6360,3,2,4,1,0,0,0,1,0,1,7840000
2,6480,3,2,4,1,0,0,0,1,2,0,7700000
1,6000,4,2,4,1,0,0,0,0,2,0,7700000
0,6000,4,2,4,1,0,0,0,1,1,0,7560000
1,6000,3,2,3,1,0,0,0,1,0,0,7560000
0,6000,3,2,4,1,0,0,0,1,1,0,7525000
0,6600,3,1,4,1,0,0,0,1,3,1,7490000
2,4300,3,2,2,1,0,1,0,0,1,0,7455000
1,7440,3,2,1,1,1,1,0,1,0,1,7420000
2,7440,3,2,4,1,0,0,0,0,1,1,7420000
2,6325,3,1,4,1,0,0,0,1,1,0,7420000
0,6000,4,2,4,1,1,0,0,1,1,0,7350000
1,5150,3,2,4,1,0,0,0,1,2,0,7350000
1,6000,3,2,2,1,1,0,0,1,1,0,7350000
2,6000,3,1,2,1,0,0,0,1,1,0,7350000
1,11440,4,1,2,1,0,1,0,0,1,1,7343000
0,9000,4,2,4,1,1,0,0,1,1,1,7245000
1,7680,4,2,4,1,1,0,0,1,1,0,7210000
0,6000,3,2,4,1,1,0,0,1,1,0,7210000
1,6000,3,2,2,1,1,0,0,0,1,0,7140000
1,8880,2,1,1,1,0,0,0,1,1,0,7070000
0,6240,4,2,2,1,0,0,0,1,1,0,7070000
0,6360,4,2,3,1,0,0,0,1,2,1,7035000
0,11175,3,1,1,1,0,1,0,1,1,1,7000000
0,8880,3,2,2,1,0,1,0,1,1,0,6930000
0,13200,2,1,1,1,0,1,1,0,1,0,6930000
2,7700,3,2,1,1,0,0,0,0,2,0,6895000
0,6000,3,1,1,1,0,0,0,1,1,0,6860000
0,12090,4,2,2,1,0,0,0,0,2,1,6790000
1,4000,3,2,2,1,0,1,0,1,0,1,6790000
2,6000,4,2,4,1,0,0,0,1,0,0,6755000
2,5020,3,1,4,1,0,0,0,1,0,1,6720000
0,6600,2,2,4,1,0,1,0,0,0,1,6685000
0,4040,3,1,2,1,0,1,1,0,1,0,6650000
1,4260,4,2,2,1,0,0,1,0,0,0,6650000
0,6420,3,2,3,1,0,0,0,1,0,1,6650000
0,6500,3,2,3,1,0,0,0,1,0,1,6650000
0,5700,3,1,1,1,1,1,0,1,2,1,6650000
0,6000,3,2,3,1,1,0,0,1,0,0,6650000
1,6000,3,1,2,1,0,0,1,0,1,1,6629000
1,4000,3,2,2,1,0,1,0,1,1,0,6615000
0,10500,3,2,1,1,0,1,0,1,1,1,6615000
1,6000,3,2,4,1,0,0,0,1,0,0,6580000
1,3760,3,1,2,1,0,0,1,0,2,0,6510000
0,8250,3,2,3,1,0,0,0,1,0,0,6510000
2,6670,3,1,3,1,0,1,0,0,0,1,6510000
1,3960,3,1,1,1,0,1,0,0,2,0,6475000
2,7410,3,1,1,1,1,1,0,1,2,1,6475000
0,8580,5,3,2,1,0,0,0,0,2,0,6440000
1,5000,3,1,2,1,0,0,0,1,0,0,6440000
0,6750,2,1,1,1,1,1,0,0,2,1,6419000
0,4800,3,2,4,1,1,0,0,1,0,0,6405000
1,7200,3,2,1,1,0,1,0,1,3,0,6300000
1,6000,4,2,4,1,0,0,0,0,1,0,6300000
1,4100,3,2,3,1,0,0,0,1,2,0,6300000
0,9000,3,1,1,1,0,1,0,0,1,1,6300000
1,6400,3,1,1,1,1,1,0,1,1,1,6300000
2,6600,3,2,3,1,0,0,0,1,0,1,6293000
2,6000,4,1,3,1,1,1,0,0,0,1,6265000
2,6600,3,2,1,1,0,1,0,1,0,1,6230000
2,5500,3,1,3,1,0,0,0,0,1,1,6230000
1,5500,3,2,4,1,1,0,0,1,1,0,6195000
0,6350,3,2,3,1,1,0,0,1,0,0,6195000
0,5500,3,2,1,1,1,1,0,0,2,1,6195000
2,4500,3,1,4,1,0,0,0,1,0,0,6160000
1,5450,4,2,1,1,0,1,0,1,0,1,6160000
2,6420,3,1,3,1,0,1,0,0,0,1,6125000
1,3240,4,1,3,1,0,0,0,0,1,0,6107500
1,6615,4,2,2,1,1,0,1,0,1,0,6090000
1,6600,3,1,1,1,1,1,0,0,2,1,6090000
2,8372,3,1,3,1,0,0,0,1,2,0,6090000
0,4300,6,2,2,1,0,0,0,0,0,0,6083000
0,9620,3,1,1,1,0,1,0,0,2,1,6083000
0,6800,2,1,1,1,1,1,0,0,2,0,6020000
1,8000,3,1,1,1,1,1,0,1,2,1,6020000
2,6900,3,2,1,1,1,1,0,0,0,1,6020000
0,3700,4,1,2,1,1,0,0,1,0,0,5950000
0,6420,3,1,1,1,0,1,0,1,0,1,5950000
1,7020,3,1,1,1,0,1,0,1,2,1,5950000
0,6540,3,1,1,1,1,1,0,0,2,1,5950000
1,7231,3,1,2,1,1,1,0,1,0,1,5950000
1,6254,4,2,1,1,0,1,0,0,1,1,5950000
0,7320,4,2,2,1,0,0,0,0,0,0,5950000
0,6525,3,2,4,1,0,0,0,0,1,0,5950000
1,15600,3,1,1,1,0,0,0,1,2,0,5943000
2,7160,3,1,1,1,0,1,0,0,2,1,5880000
2,6500,3,2,3,1,0,0,0,1,0,0,5880000
0,5500,3,1,3,1,1,0,0,1,1,0,5873000
1,11460,3,1,3,1,0,0,0,0,2,1,5873000
2,4800,3,1,1,1,1,1,0,0,0,0,5866000
1,5828,4,1,4,1,1,0,0,0,0,0,5810000
1,5200,3,1,3,1,0,0,0,1,0,0,5810000
2,4800,3,1,3,1,0,0,0,1,0,0,5810000
1,7000,3,1,1,1,0,1,0,0,2,1,5803000
2,6000,3,2,4,1,0,0,0,1,0,0,5775000
2,5400,4,2,2,1,0,0,0,1,2,0,5740000
1,4640,4,1,2,1,0,0,0,0,1,0,5740000
1,5000,3,1,3,1,0,0,0,1,0,0,5740000
0,6360,3,1,1,1,1,1,0,1,2,1,5740000
2,5800,3,2,4,1,0,0,0,1,0,0,5740000
1,6660,4,2,2,1,1,1,0,0,1,1,5652500
1,10500,4,2,2,1,0,0,0,0,1,0,5600000
2,4800,5,2,3,0,0,1,1,0,0,0,5600000
0,4700,4,1,2,1,1,1,0,1,1,0,5600000
0,5000,3,1,4,1,0,0,0,0,0,0,5600000
1,10500,2,1,1,1,0,0,0,0,1,0,5600000
1,5500,3,2,2,1,0,0,0,0,1,0,5600000
1,6360,3,1,3,1,0,0,0,0,0,1,5600000
1,6600,4,2,1,1,0,1,0,0,0,1,5600000
2,5136,3,1,2,1,1,1,0,1,0,1,5600000
1,4400,4,1,2,1,0,0,0,1,2,1,5565000
0,5400,5,1,2,1,1,1,0,1,0,1,5565000
1,3300,3,3,2,1,0,1,0,0,0,0,5530000
1,3650,3,2,2,1,0,0,0,0,2,0,5530000
0,6100,3,2,1,1,0,1,0,0,2,1,5530000
1,6900,3,1,1,1,1,1,0,0,0,1,5523000
0,2817,4,2,2,0,1,1,0,0,1,0,5495000
1,7980,3,1,1,1,0,0,0,0,2,0,5495000
0,3150,3,2,1,1,1,1,0,1,0,0,5460000
0,6210,4,1,4,1,1,0,0,1,0,0,5460000
1,6100,3,1,3,1,1,0,0,1,0,1,5460000
1,6600,4,2,2,1,1,1,0,0,0,1,5460000
1,6825,3,1,1,1,1,1,0,1,0,1,5425000
0,6710,3,2,2,1,1,1,0,0,1,1,5390000
2,6450,3,2,1,1,1,1,1,0,0,0,5383000
2,7800,3,1,1,1,0,1,0,1,2,1,5320000
1,4600,2,2,1,1,0,0,0,1,2,0,5285000
0,4260,4,1,2,1,0,1,0,1,0,0,5250000
1,6540,4,2,2,0,0,0,0,1,0,0,5250000
1,5500,3,2,1,1,0,1,0,0,0,0,5250000
1,10269,3,1,1,1,0,0,0,0,1,1,5250000
2,8400,3,1,2,1,1,1,0,1,2,1,5250000
2,5300,4,2,1,1,0,0,0,1,0,1,5250000
2,3800,3,1,2,1,1,1,0,0,1,1,5250000
1,9800,4,2,2,1,1,0,0,0,2,0,5250000
0,8520,3,1,1,1,0,0,0,1,2,0,5250000
1,6050,3,1,1,1,0,1,0,0,0,1,5243000
1,7085,3,1,1,1,1,1,0,0,2,1,5229000
1,3180,3,2,2,1,0,0,0,0,2,0,5215000
1,4500,4,2,1,0,0,1,0,1,2,0,5215000
0,7200,3,1,2,1,1,1,0,0,1,1,5215000
1,3410,3,1,2,0,0,0,0,1,0,0,5145000
1,7980,3,1,1,1,0,0,0,0,1,1,5145000
0,3000,3,2,2,1,1,1,0,0,0,0,5110000
2,3000,3,1,2,1,0,1,0,0,0,0,5110000
0,11410,2,1,2,1,0,0,0,0,0,1,5110000
1,6100,3,1,1,1,0,1,0,1,0,1,5110000
2,5720,2,1,2,1,0,0,0,1,0,1,5075000
1,3540,2,1,1,0,1,1,0,0,0,0,5040000
0,7600,4,1,2,1,0,0,0,1,2,0,5040000
1,10700,3,1,2,1,1,1,0,0,0,0,5040000
0,6600,3,1,1,1,1,1,0,0,0,1,5040000
1,4800,2,1,1,1,1,1,0,0,0,0,5033000
1,8150,3,2,1,1,1,1,0,0,0,0,5005000
1,4410,4,3,2,1,0,1,0,0,2,0,4970000
1,7686,3,1,1,1,1,1,1,0,0,0,4970000
1,2800,3,2,2,0,0,1,0,1,1,0,4956000
1,5948,3,1,2,1,0,0,0,1,0,0,4935000
0,4200,3,1,2,1,0,0,0,0,1,0,4907000
1,4520,3,1,2,1,0,1,0,1,0,0,4900000
1,4095,3,1,2,0,1,1,0,1,0,0,4900000
1,4120,2,1,1,1,0,1,0,0,1,0,4900000
1,5400,4,1,2,1,0,0,0,0,0,0,4900000
1,4770,3,1,1,1,1,1,0,0,0,0,4900000
1,6300,3,1,1,1,0,0,0,1,2,0,4900000
1,5800,2,1,1,1,1,1,0,1,0,0,4900000
1,3000,3,1,2,1,0,1,0,1,0,0,4900000
1,2970,3,1,3,1,0,0,0,0,0,0,4900000
2,6720,3,1,1,1,0,0,0,0,0,0,4900000
1,4646,3,1,2,1,1,1,0,0,2,0,4900000
0,12900,3,1,1,1,0,0,0,0,2,0,4900000
1,3420,4,2,2,1,0,1,0,1,2,0,4893000
1,4995,4,2,1,1,0,1,0,0,0,0,4893000
2,4350,2,1,1,1,0,1,0,0,0,0,4865000
2,4160,3,1,3,1,0,0,0,0,0,0,4830000
1,6040,3,1,1,1,0,0,0,0,2,1,4830000
0,6862,3,1,2,1,0,0,0,1,2,1,4830000
1,4815,2,1,1,1,0,0,0,1,0,1,4830000
2,7000,3,1,2,1,0,1,0,0,0,0,4795000
1,8100,4,1,4,1,0,1,0,1,2,0,4795000
1,3420,4,2,2,1,0,0,0,0,0,0,4767000
1,9166,2,1,1,1,0,1,0,1,2,0,4760000
0,6321,3,1,2,1,0,1,0,1,1,0,4760000
2,10240,2,1,1,1,0,0,0,1,2,1,4760000
1,6440,2,1,1,1,0,0,0,1,3,0,4753000
1,5170,3,1,4,1,0,0,0,1,0,0,4690000
0,6000,2,1,1,1,0,1,0,1,1,0,4690000
1,3630,3,1,2,1,0,0,0,0,2,0,4690000
1,9667,4,2,2,1,1,1,0,0,1,0,4690000
1,5400,2,1,2,1,0,0,0,0,0,1,4690000
1,4320,3,1,1,1,0,0,0,0,0,1,4690000
0,3745,3,1,2,1,0,1,0,0,0,0,4655000
2,4160,3,1,1,1,1,1,0,1,0,0,4620000
1,3880,3,2,2,1,0,1,0,0,2,0,4620000
1,5680,3,1,2,1,1,0,0,1,1,0,4620000
1,2870,2,1,2,1,1,1,0,0,0,1,4620000
1,5010,3,1,2,1,0,1,0,0,0,0,4620000
1,4510,4,2,2,1,0,1,0,0,0,0,4613000
0,4000,3,1,2,1,0,0,0,0,1,0,4585000
1,3840,3,1,2,1,0,0,0,0,1,1,4585000
1,3760,3,1,1,1,0,0,0,0,2,0,4550000
0,3640,3,1,2,1,0,0,0,1,0,0,4550000
0,2550,3,1,2,1,0,1,0,0,0,0,4550000
1,5320,3,1,2,1,1,1,0,0,0,1,4550000
2,5360,3,1,2,1,0,0,0,0,2,1,4550000
1,3520,3,1,1,1,0,0,0,0,0,1,4550000
2,8400,4,1,4,1,0,0,0,0,3,0,4550000
1,4100,2,2,1,1,1,1,0,0,0,0,4543000
0,4990,4,2,2,1,1,1,0,0,0,1,4543000
1,3510,3,1,3,1,0,0,0,0,0,0,4515000
1,3450,3,1,2,1,0,1,0,0,1,0,4515000
1,9860,3,1,1,1,0,0,0,0,0,0,4515000
0,3520,2,1,2,1,0,0,0,0,0,1,4515000
1,4510,4,1,2,1,0,0,0,1,2,0,4480000
2,5885,2,1,1,1,0,0,0,1,1,0,4480000
0,4000,3,1,2,1,0,0,0,0,2,0,4480000
0,8250,3,1,1,1,0,0,0,0,0,0,4480000
1,4040,3,1,2,1,0,0,0,0,1,0,4480000
0,6360,2,1,1,1,0,1,0,1,1,0,4473000
0,3162,3,1,2,1,0,0,0,1,1,0,4473000
1,3510,3,1,2,1,0,0,0,0,0,0,4473000
1,3750,2,1,1,1,1,1,0,0,0,0,4445000
1,3968,3,1,2,0,0,0,0,0,0,0,4410000
1,4900,2,1,2,1,0,1,0,0,0,0,4410000
1,2880,3,1,2,1,0,0,0,0,0,1,4403000
2,4880,3,1,1,1,0,0,0,0,2,1,4403000
1,4920,3,1,2,1,0,0,0,0,1,0,4403000
1,4950,4,1,2,1,0,0,0,1,0,0,4382000
2,3900,3,1,2,1,0,0,0,0,0,0,4375000
0,4500,3,2,3,1,0,0,1,0,1,0,4340000
1,1905,5,1,2,0,0,1,0,0,0,0,4340000
1,4075,3,1,1,1,1,1,0,0,2,0,4340000
0,3500,4,1,2,1,0,0,0,0,2,0,4340000
1,6450,4,1,2,1,0,0,0,0,0,0,4340000
0,4032,2,1,1,1,0,1,0,0,0,0,4319000
1,4400,2,1,1,1,0,0,0,0,1,0,4305000
1,10360,2,1,1,1,0,0,0,0,1,1,4305000
1,3400,3,1,2,1,0,1,0,0,2,1,4277000
0,6360,2,1,1,1,0,0,0,0,0,0,4270000
2,6360,2,1,2,1,0,0,0,0,0,0,4270000
0,4500,2,1,1,1,0,0,0,1,2,0,4270000
2,2175,3,1,2,0,1,1,0,1,0,0,4270000
0,4360,4,1,2,1,0,0,0,0,0,0,4270000
0,7770,2,1,1,1,0,0,0,0,1,0,4270000
1,6650,3,1,2,1,1,0,0,0,0,0,4235000
0,2787,3,1,1,1,0,1,0,0,0,1,4235000
2,5500,3,1,2,1,0,0,0,1,0,0,4200000
2,5040,3,1,2,1,0,1,0,1,0,0,4200000
1,5850,2,1,1,1,1,1,0,0,2,0,4200000
1,2610,4,3,2,0,0,0,0,0,0,0,4200000
2,2953,3,1,2,1,0,1,0,1,0,0,4200000
1,2747,4,2,2,0,0,0,0,0,0,0,4200000
2,4410,2,1,1,0,0,0,0,0,1,0,4200000
1,4000,4,2,2,0,0,0,0,0,0,0,4200000
1,2325,3,1,2,0,0,0,0,0,0,0,4200000
1,4600,3,2,2,1,0,0,0,1,1,0,4200000
2,3640,3,2,2,1,0,1,0,0,0,0,4200000
1,5800,3,1,1,1,0,0,1,0,2,0,4200000
0,7000,3,1,1,1,0,0,0,0,3,0,4200000
1,4079,3,1,3,1,0,0,0,0,0,0,4200000
1,3520,3,1,2,1,0,0,0,0,0,1,4200000
2,2145,3,1,3,1,0,0,0,0,1,1,4200000
0,4500,3,1,1,1,0,1,0,0,0,0,4200000
1,8250,3,1,1,1,0,1,0,0,3,0,4193000
1,3450,3,1,2,1,0,0,0,0,1,0,4193000
1,4840,3,1,2,1,0,0,0,0,1,0,4165000
1,4080,3,1,2,1,0,0,0,0,2,0,4165000
1,4046,3,1,2,1,0,1,0,0,1,0,4165000
1,4632,4,1,2,1,0,0,0,1,0,0,4130000
1,5985,3,1,1,1,0,1,0,0,0,0,4130000
1,6060,2,1,1,1,0,1,0,0,1,0,4123000
0,3600,3,1,1,1,0,1,0,1,0,1,4098500
1,3680,3,2,2,1,0,0,0,0,0,0,4095000
1,4040,2,1,2,1,0,0,0,0,1,0,4095000
1,5600,2,1,1,1,0,0,0,1,0,0,4095000
2,5900,4,2,2,0,0,1,0,0,1,0,4060000
2,4992,3,2,2,1,0,0,0,0,2,0,4060000
1,4340,3,1,1,1,0,0,0,0,0,0,4060000
1,3000,4,1,3,1,0,1,0,1,2,0,4060000
0,4320,3,1,2,1,0,0,0,0,2,1,4060000
1,3630,3,2,2,1,0,0,1,0,2,0,4025000
0,3460,3,2,1,1,0,1,0,1,1,0,4025000
1,5400,3,1,1,1,0,0,0,0,3,0,4025000
1,4500,3,1,2,0,0,1,0,1,0,0,4007500
1,3460,4,1,2,1,0,0,0,1,0,0,4007500
2,4100,4,1,1,0,0,1,0,0,0,0,3990000
1,6480,3,1,2,0,0,0,0,1,1,0,3990000
1,4500,3,2,2,0,0,1,0,1,0,0,3990000
0,3960,3,1,2,1,0,0,0,0,0,0,3990000
2,4050,2,1,2,1,1,1,0,0,0,1,3990000
0,7260,3,2,1,1,1,1,0,0,3,0,3920000
1,5500,4,1,2,1,1,1,0,0,0,0,3920000
1,3000,3,1,2,1,0,0,0,0,0,0,3920000
0,3290,2,1,1,1,0,0,1,0,1,0,3920000
0,3816,2,1,1,1,0,1,0,1,2,0,3920000
1,8080,3,1,1,1,0,0,0,1,2,0,3920000
2,2145,4,2,1,1,0,1,0,0,0,1,3920000
1,3780,2,1,2,1,1,1,0,0,0,0,3885000
0,3180,4,2,2,1,0,0,0,0,0,0,3885000
1,5300,5,2,2,1,0,0,0,0,0,0,3850000
1,3180,2,2,1,1,0,1,0,0,2,0,3850000
0,7152,3,1,2,1,0,0,0,1,0,0,3850000
1,4080,2,1,1,1,0,0,0,0,0,0,3850000
1,3850,2,1,1,1,0,0,0,0,0,0,3850000
1,2015,3,1,2,1,0,1,0,0,0,1,3850000
1,2176,2,1,2,1,1,0,0,0,0,1,3850000
2,3350,3,1,2,1,0,0,0,0,0,0,3836000
1,3150,2,2,1,0,0,1,0,0,0,0,3815000
1,4820,3,1,2,1,0,0,0,0,0,0,3780000
1,3420,2,1,2,1,0,0,1,0,1,0,3780000
1,3600,2,1,1,1,0,0,0,0,0,0,3780000
2,5830,2,1,1,1,0,0,0,0,2,0,3780000
0,2856,3,1,3,1,0,0,0,0,0,1,3780000
0,8400,2,1,1,1,0,0,0,0,1,0,3780000
0,8250,3,1,1,1,0,0,0,0,2,0,3773000
0,2520,5,2,1,0,0,1,0,1,1,0,3773000
0,6930,4,1,2,0,0,0,0,0,1,0,3773000
1,3480,2,1,1,1,0,0,0,0,0,1,3745000
2,3600,3,1,1,1,0,0,0,0,1,0,3710000
1,4040,2,1,1,1,0,0,0,0,0,0,3710000
1,6020,3,1,1,1,0,0,0,0,0,0,3710000
0,4050,2,1,1,1,0,0,0,0,0,0,3710000
1,3584,2,1,1,1,0,0,1,0,0,0,3710000
1,3120,3,1,2,0,0,1,1,0,0,0,3703000
0,5450,2,1,1,1,0,0,0,0,0,0,3703000
0,3630,2,1,1,1,0,1,0,0,0,0,3675000
2,3630,2,1,1,1,0,0,0,1,0,0,3675000
1,5640,2,1,1,0,0,0,0,0,0,0,3675000
0,3600,2,1,1,1,0,0,0,0,0,0,3675000
1,4280,2,1,1,1,0,0,0,1,2,0,3640000
1,3570,3,1,2,1,0,1,0,0,0,0,3640000
1,3180,3,1,2,0,0,1,0,0,0,0,3640000
0,3000,2,1,2,1,0,0,0,1,0,0,3640000
1,3520,2,2,1,1,0,1,0,0,0,0,3640000
2,5960,3,1,2,1,1,1,0,0,0,0,3640000
1,4130,3,2,2,1,0,0,0,0,2,0,3640000
2,2850,3,2,2,0,0,1,0,0,0,1,3640000
1,2275,3,1,3,1,0,0,1,1,0,1,3640000
2,3520,3,1,1,1,0,0,0,0,2,1,3633000
1,4500,2,1,1,1,0,0,0,0,0,0,3605000
1,4000,2,1,1,1,0,0,0,0,0,1,3605000
0,3150,3,1,2,1,0,1,0,0,0,0,3570000
0,4500,4,2,2,1,0,1,0,0,2,0,3570000
0,4500,2,1,1,0,0,0,0,0,0,0,3570000
2,3640,2,1,1,1,0,0,0,0,0,0,3570000
2,3850,3,1,1,1,0,0,0,0,2,0,3535000
1,4240,3,1,2,1,0,0,0,1,0,0,3500000
2,3650,3,1,2,1,0,0,0,0,0,0,3500000
1,4600,4,1,2,1,0,0,0,0,0,0,3500000
2,2135,3,2,2,0,0,0,0,0,0,0,3500000
1,3036,3,1,2,1,0,1,0,0,0,0,3500000
1,3990,3,1,2,1,0,0,0,0,0,0,3500000
2,7424,3,1,1,0,0,0,0,0,0,0,3500000
2,3480,3,1,1,0,0,0,0,1,0,0,3500000
2,3600,6,1,2,1,0,0,0,0,1,0,3500000
1,3640,2,1,1,1,0,0,0,0,1,0,3500000
0,5900,2,1,1,1,0,0,0,0,1,0,3500000
2,3120,3,1,2,1,0,0,0,0,1,0,3500000
1,7350,2,1,1,1,0,0,0,0,1,0,3500000
2,3512,2,1,1,1,0,0,0,0,1,1,3500000
2,9500,3,1,2,1,0,0,0,0,3,1,3500000
2,5880,2,1,1,1,0,0,0,0,0,0,3500000
2,12944,3,1,1,1,0,0,0,0,0,0,3500000
2,4900,3,1,2,0,0,0,0,0,0,0,3493000
2,3060,3,1,1,1,0,0,0,0,0,0,3465000
2,5320,2,1,1,1,0,0,0,0,1,1,3465000
0,2145,3,1,3,1,0,0,0,0,0,1,3465000
2,4000,2,1,1,1,0,0,0,0,0,0,3430000
2,3185,2,1,1,1,0,0,0,0,2,0,3430000
2,3850,3,1,1,1,0,0,0,0,0,0,3430000
0,2145,3,1,3,1,0,0,0,0,0,1,3430000
2,2610,3,1,2,1,0,1,0,0,0,1,3430000
2,1950,3,2,2,1,0,1,0,0,0,1,3430000
2,4040,2,1,1,1,0,0,0,0,0,0,3423000
0,4785,3,1,2,1,1,1,0,1,1,0,3395000
2,3450,3,1,1,1,0,1,0,0,2,0,3395000
0,3640,2,1,1,1,0,0,0,0,0,0,3395000
2,3500,4,1,2,1,0,0,0,1,2,0,3360000
1,4960,4,1,3,0,0,0,0,0,0,0,3360000
2,4120,2,1,2,1,0,0,0,0,0,0,3360000
2,4750,2,1,1,1,0,0,0,0,0,0,3360000
2,3720,2,1,1,0,0,0,0,1,0,0,3360000
2,3750,3,1,1,1,0,0,0,0,0,0,3360000
1,3100,3,1,2,0,0,1,0,0,0,0,3360000
0,3185,2,1,1,1,0,1,0,0,2,0,3360000
0,2700,3,1,1,0,0,0,0,0,0,0,3353000
0,2145,3,1,2,1,0,1,0,0,0,1,3332000
2,4040,2,1,1,1,0,0,0,0,1,0,3325000
2,4775,4,1,2,1,0,0,0,0,0,0,3325000
2,2500,2,1,1,0,0,0,0,1,0,0,3290000
2,3180,4,1,2,1,0,1,0,1,0,0,3290000
0,6060,3,1,1,1,1,1,0,0,0,0,3290000
1,3480,4,1,2,0,0,0,0,0,1,0,3290000
1,3792,4,1,2,1,0,0,0,0,0,0,3290000
2,4040,2,1,1,1,0,0,0,0,0,0,3290000
0,2145,3,1,2,1,0,1,0,0,0,1,3290000
2,5880,3,1,1,1,0,0,0,0,1,0,3290000
1,4500,2,1,1,0,0,0,0,0,0,0,3255000
2,3930,2,1,1,0,0,0,0,0,0,0,3255000
2,3640,4,1,2,1,0,1,0,0,0,0,3234000
2,4370,3,1,2,1,0,0,0,0,0,0,3220000
2,2684,2,1,1,1,0,0,0,1,1,0,3220000
2,4320,3,1,1,0,0,0,0,0,1,0,3220000
0,3120,3,1,2,0,0,0,0,0,0,0,3220000
0,3450,1,1,1,1,0,0,0,0,0,0,3150000
2,3986,2,2,1,0,1,1,0,0,1,0,3150000
1,3500,2,1,1,0,0,1,0,0,0,0,3150000
1,4095,2,1,1,1,0,0,0,0,2,0,3150000
2,1650,3,1,2,0,0,1,0,0,0,0,3150000
1,3450,3,1,2,1,0,1,0,0,0,0,3150000
1,6750,2,1,1,1,0,0,0,0,0,0,3150000
1,9000,3,1,2,1,0,0,0,0,2,0,3150000
2,3069,2,1,1,1,0,0,0,0,1,0,3150000
2,4500,3,1,2,1,0,0,0,1,0,0,3143000
2,5495,3,1,1,1,0,1,0,0,0,0,3129000
1,2398,3,1,1,1,0,0,0,0,0,1,3118850
2,3000,3,1,1,0,0,0,0,1,0,0,3115000
2,3850,3,1,2,1,0,0,0,0,0,0,3115000
2,3500,2,1,1,1,0,0,0,0,0,0,3115000
2,8100,2,1,1,1,0,0,0,0,1,0,3087000
2,4960,2,1,1,1,0,1,0,1,0,0,3080000
1,2160,3,1,2,0,0,1,0,0,0,0,3080000
2,3090,2,1,1,1,1,1,0,0,0,0,3080000
1,4500,2,1,2,1,0,0,1,0,1,0,3080000
2,3800,2,1,1,1,0,0,0,0,0,0,3045000
1,3090,3,1,2,0,0,0,0,0,0,0,3010000
1,3240,3,1,2,1,0,0,0,0,2,0,3010000
1,2835,2,1,1,1,0,0,0,0,0,0,3010000
0,4600,2,1,1,1,0,0,0,0,0,0,3010000
2,5076,3,1,1,0,0,0,0,0,0,0,3010000
2,3750,3,1,2,1,0,0,0,0,0,0,3010000
1,3630,4,1,2,1,0,0,0,0,3,0,3010000
2,8050,2,1,1,1,0,0,0,0,0,0,3003000
2,4352,4,1,2,0,0,0,0,0,1,0,2975000
1,3000,2,1,2,1,0,0,0,0,0,0,2961000
2,5850,3,1,2,1,0,1,0,0,1,0,2940000
2,4960,2,1,1,1,0,0,0,0,0,0,2940000
2,3600,3,1,2,0,0,0,0,0,1,0,2940000
2,3660,4,1,2,0,0,0,0,0,0,0,2940000
1,3480,3,1,2,0,0,0,0,0,1,0,2940000
0,2700,2,1,1,0,0,0,0,0,0,0,2940000
2,3150,3,1,2,0,0,0,0,0,0,0,2940000
1,6615,3,1,2,1,0,0,0,0,0,0,2940000
2,3040,2,1,1,0,0,0,0,0,0,0,2870000
2,3630,2,1,1,1,0,0,0,0,0,0,2870000
1,6000,2,1,1,1,0,0,0,0,0,0,2870000
2,5400,4,1,2,1,0,0,0,0,0,0,2870000
2,5200,4,1,3,1,0,0,0,0,0,0,2852500
1,3300,3,1,2,0,0,0,0,0,1,0,2835000
2,4350,3,1,2,0,0,0,1,0,1,0,2835000
0,2640,2,1,1,0,0,0,0,0,1,0,2835000
2,2650,3,1,2,1,0,1,0,0,1,0,2800000
0,3960,3,1,1,1,0,0,0,0,0,0,2800000
2,6800,2,1,1,1,0,0,0,0,0,0,2730000
2,4000,3,1,2,1,0,0,0,0,1,0,2730000
2,4000,2,1,1,1,0,0,0,0,0,0,2695000
2,3934,2,1,1,1,0,0,0,0,0,0,2660000
1,2000,2,1,2,1,0,0,0,0,0,0,2660000
2,3630,3,3,2,0,1,0,0,0,0,0,2660000
2,2800,3,1,1,1,0,0,0,0,0,0,2660000
2,2430,3,1,1,0,0,0,0,0,0,0,2660000
1,3480,2,1,1,1,0,0,0,0,1,0,2660000
1,4000,3,1,1,1,0,0,0,0,0,0,2660000
2,3185,2,1,1,1,0,0,0,1,0,0,2653000
2,4000,3,1,2,1,0,0,0,1,0,0,2653000
2,2910,2,1,1,0,0,0,0,0,0,0,2604000
2,3600,2,1,1,1,0,0,0,0,0,0,2590000
2,4400,2,1,1,1,0,0,0,0,0,0,2590000
0,3600,2,2,2,1,0,1,0,0,1,0,2590000
2,2880,3,1,1,0,0,0,0,0,0,0,2520000
2,3180,3,1,1,0,0,0,0,0,0,0,2520000
0,3000,2,1,2,1,0,0,0,0,0,0,2520000
2,4400,3,1,2,1,0,0,0,0,0,0,2485000
1,3000,3,1,2,0,0,0,0,0,0,0,2485000
2,3210,3,1,2,1,0,1,0,0,0,0,2450000
2,3240,2,1,1,0,1,0,0,0,1,0,2450000
2,3000,2,1,1,1,0,0,0,0,1,0,2450000
2,3500,2,1,1,1,1,0,0,0,0,0,2450000
2,4840,2,1,2,1,0,0,0,0,0,0,2450000
2,7700,2,1,1,1,0,0,0,0,0,0,2450000
2,3635,2,1,1,0,0,0,0,0,0,0,2408000
0,2475,3,1,2,1,0,0,0,0,0,0,2380000
0,2787,4,2,2,1,0,0,0,0,0,0,2380000
2,3264,2,1,1,1,0,0,0,0,0,0,2380000
2,3640,2,1,1,1,0,0,0,0,0,0,2345000
2,3180,2,1,1,1,0,0,0,0,0,0,2310000
1,1836,2,1,1,0,0,1,0,0,0,0,2275000
2,3970,1,1,1,0,0,0,0,0,0,0,2275000
2,3970,3,1,2,1,0,1,0,0,0,0,2275000
2,1950,3,1,1,0,0,0,1,0,0,0,2240000
2,5300,3,1,1,0,0,0,0,1,0,1,2233000
2,3000,2,1,1,0,0,0,0,0,0,0,2135000
2,2400,3,1,2,1,0,0,0,0,0,0,2100000
2,3000,4,1,2,1,0,0,0,0,0,0,2100000
2,3360,2,1,1,1,0,0,0,0,1,0,2100000
2,3420,5,1,2,0,0,0,0,0,0,0,1960000
2,1700,3,1,2,1,0,0,0,0,0,0,1890000
2,3649,2,1,1,1,0,0,0,0,0,0,1890000
2,2990,2,1,1,0,0,0,0,0,1,0,1855000
2,3000,2,1,1,1,0,1,0,0,2,0,1820000
1,2400,3,1,1,0,0,0,0,0,0,0,1767150
2,3620,2,1,1,1,0,0,0,0,0,0,1750000
0,2910,3,1,1,0,0,0,0,0,0,0,1750000
2,3850,3,1,2,1,0,0,0,0,0,0,1750000
